airbnb.ca,"Airbnb"
airbnb.co.uk,"Airbnb"
airbnb.com,"Airbnb"
airbnb.com.au,"Airbnb"
airbnb.de,"Airbnb"
airbnb.es,"Airbnb"
airbnb.fr,"Airbnb"
airbnb.it,"Airbnb"
airbnb.jp,"Airbnb"
airbnb.ru,"Airbnb"
amazon.cn,"Amazon Inc."
amazon.co.uk,"Amazon Inc."
amazon.com.br,"Amazon Inc."
amazon.com.mx,"Amazon Inc."
amazon.de,"Amazon Inc."
amazon.es,"Amazon Inc."
amazon.fr,"Amazon Inc."
amazon.in,"Amazon Inc."
amazon.it,"Amazon Inc."
asos.com,"Asos"
asos.de,"Asos"
asos.fr,"Asos"
brainly.co,"Brainly"
brainly.co.id,"Brainly"
brainly.co.za,"Brainly"
brainly.com,"Brainly"
brainly.com.br,"Brainly"
brainly.com.ng,"Brainly"
brainly.com.ro,"Brainly"
brainly.es,"Brainly"
brainly.fr,"Brainly"
brainly.id,"Brainly"
brainly.in,"Brainly"
brainly.it,"Brainly"
brainly.lat,"Brainly"
brainly.my,"Brainly"
brainly.nl,"Brainly"
brainly.ph,"Brainly"
brainly.pl,"Brainly"
brainly.ro,"Brainly"
brainly.se,"Brainly"
brainly.us,"Brainly"
crptentry.com,www.livejasmin.com
easypdfcombine.com,fromdoctopdf.com
ebay.at,"Ebay"
ebay.be,"Ebay"
ebay.ca,"Ebay"
ebay.co.uk,"Ebay"
ebay.com,"Ebay"
ebay.com.au,"Ebay"
ebay.com.hk,"Ebay"
ebay.de,"Ebay"
ebay.es,"Ebay"
ebay.fr,"Ebay"
ebay.ie,"Ebay"
ebay.in,"Ebay"
ebay.it,"Ebay"
expedia.at,"Expedia"
expedia.be,"Expedia"
expedia.ca,"Expedia"
expedia.ch,"Expedia"
expedia.co.id,"Expedia"
expedia.co.in,"Expedia"
expedia.co.jp,"Expedia"
expedia.co.kr,"Expedia"
expedia.co.nz,"Expedia"
expedia.co.th,"Expedia"
expedia.co.uk,"Expedia"
expedia.com,"Expedia"
expedia.com.ar,"Expedia"
expedia.com.au,"Expedia"
expedia.com.br,"Expedia"
expedia.com.hk,"Expedia"
expedia.com.my,"Expedia"
expedia.com.ph,"Expedia"
expedia.com.sg,"Expedia"
expedia.com.tw,"Expedia"
expedia.com.vn,"Expedia"
expedia.de,"Expedia"
expedia.dk,"Expedia"
expedia.es,"Expedia"
expedia.fi,"Expedia"
expedia.fr,"Expedia"
expedia.ie,"Expedia"
expedia.it,"Expedia"
expedia.mx,"Expedia"
expedia.net,"Expedia"
expedia.nl,"Expedia"
expedia.no,"Expedia"
expedia.se,"Expedia"
files.wordpress.com,wordpress.com
glassdoor.ca,"Glassdoor"
glassdoor.co.in,"Glassdoor"
glassdoor.co.uk,"Glassdoor"
#glassdoor.com,"Glassdoor"
glassdoor.de,"Glassdoor"
google.ae,"Google Inc."
google.al,"Google Inc."
google.am,"Google Inc."
google.at,"Google Inc."
google.az,"Google Inc."
google.ba,"Google Inc."
google.be,"Google Inc."
google.bf,"Google Inc."
google.bg,"Google Inc."
google.by,"Google Inc."
google.ca,"Google Inc."
google.cd,"Google Inc."
google.cg,"Google Inc."
google.ch,"Google Inc."
google.cl,"Google Inc."
google.cm,"Google Inc."
google.cn,"Google Inc."
google.co.ao,"Google Inc."
google.co.bw,"Google Inc."
google.co.cr,"Google Inc."
google.co.id,"Google Inc."
google.co.il,"Google Inc."
google.co.in,"Google Inc."
google.co.iq,"Google Inc."
google.co.jp,"Google Inc."
google.co.kr,"Google Inc."
google.co.lt,"Google Inc."
google.co.ma,"Google Inc."
google.co.mz,"Google Inc."
google.co.nz,"Google Inc."
google.co.th,"Google Inc."
google.co.uk,"Google Inc."
google.co.ve,"Google Inc."
google.co.za,"Google Inc."
google.co.zm,"Google Inc."
google.com,"Google Inc."
google.com.af,"Google Inc."
google.com.ar,"Google Inc."
google.com.au,"Google Inc."
google.com.bd,"Google Inc."
google.com.bh,"Google Inc."
google.com.bn,"Google Inc."
google.com.bo,"Google Inc."
google.com.br,"Google Inc."
google.com.co,"Google Inc."
google.com.cu,"Google Inc."
google.com.cy,"Google Inc."
google.com.do,"Google Inc."
google.com.ec,"Google Inc."
google.com.eg,"Google Inc."
google.com.gh,"Google Inc."
google.com.gt,"Google Inc."
google.com.hk,"Google Inc."
google.com.jm,"Google Inc."
google.com.kh,"Google Inc."
google.com.kw,"Google Inc."
google.com.lb,"Google Inc."
google.com.ly,"Google Inc."
google.com.mm,"Google Inc."
google.com.mx,"Google Inc."
google.com.my,"Google Inc."
google.com.na,"Google Inc."
google.com.ng,"Google Inc."
google.com.ni,"Google Inc."
google.com.np,"Google Inc."
google.com.pe,"Google Inc."
google.com.pg,"Google Inc."
google.com.ph,"Google Inc."
google.com.pk,"Google Inc."
google.com.pr,"Google Inc."
google.com.py,"Google Inc."
google.com.qa,"Google Inc."
google.com.sa,"Google Inc."
google.com.sg,"Google Inc."
google.com.sv,"Google Inc."
google.com.tj,"Google Inc."
google.com.tr,"Google Inc."
google.com.tw,"Google Inc."
google.com.ua,"Google Inc."
google.com.uy,"Google Inc."
google.com.vn,"Google Inc."
google.cz,"Google Inc."
google.de,"Google Inc."
google.dk,"Google Inc."
google.dz,"Google Inc."
google.ee,"Google Inc."
google.es,"Google Inc."
google.fi,"Google Inc."
google.fr,"Google Inc."
google.ge,"Google Inc."
google.gr,"Google Inc."
google.hn,"Google Inc."
google.hr,"Google Inc."
google.ht,"Google Inc."
google.hu,"Google Inc."
google.ie,"Google Inc."
google.iq,"Google Inc."
google.it,"Google Inc."
google.jo,"Google Inc."
google.kz,"Google Inc."
google.la,"Google Inc."
google.lk,"Google Inc."
google.lt,"Google Inc."
google.lu,"Google Inc."
google.lv,"Google Inc."
google.mg,"Google Inc."
google.mn,"Google Inc."
google.mu,"Google Inc."
google.nl,"Google Inc."
google.no,"Google Inc."
google.pl,"Google Inc."
google.pt,"Google Inc."
google.ro,"Google Inc."
google.rs,"Google Inc."
google.ru,"Google Inc."
google.se,"Google Inc."
google.si,"Google Inc."
google.sk,"Google Inc."
google.sn,"Google Inc."
google.tm,"Google Inc."
google.tn,"Google Inc."
google.tt,"Google Inc."
indeed.ae,"Indeed"
indeed.ca,"Indeed"
indeed.ch,"Indeed"
indeed.cl,"Indeed"
indeed.co.in,"Indeed"
indeed.co.uk,"Indeed"
indeed.co.ve,"Indeed"
indeed.co.za,"Indeed"
indeed.com,"Indeed"
indeed.com.au,"Indeed"
indeed.com.br,"Indeed"
indeed.com.co,"Indeed"
indeed.com.mx,"Indeed"
indeed.com.my,"Indeed"
indeed.com.pe,"Indeed"
indeed.com.ph,"Indeed"
indeed.com.pk,"Indeed"
indeed.com.sg,"Indeed"
indeed.de,"Indeed"
indeed.es,"Indeed"
indeed.fi,"Indeed"
indeed.fr,"Indeed"
indeed.hk,"Indeed"
indeed.ie,"Indeed"
indeed.jp,"Indeed"
indeed.lu,"Indeed"
indeed.nl,"Indeed"
indeed.pt,"Indeed"
mercadolibre.cl,"Mercadolibre"
mercadolibre.co.cr,"Mercadolibre"
mercadolibre.com.ar,"Mercadolibre"
mercadolibre.com.bo,"Mercadolibre"
mercadolibre.com.co,"Mercadolibre"
mercadolibre.com.do,"Mercadolibre"
mercadolibre.com.ec,"Mercadolibre"
mercadolibre.com.gt,"Mercadolibre"
mercadolibre.com.hn,"Mercadolibre"
mercadolibre.com.mx,"Mercadolibre"
mercadolibre.com.ni,"Mercadolibre"
mercadolibre.com.pa,"Mercadolibre"
mercadolibre.com.pe,"Mercadolibre"
mercadolibre.com.py,"Mercadolibre"
mercadolibre.com.sv,"Mercadolibre"
mercadolibre.com.uy,"Mercadolibre"
mercadolibre.com.ve,"Mercadolibre"
mercadolivre.com.br,"Mercadolibre"
netlnk1.com,"Netlnk Virus Adnetwork"
netlnk10.com,"Netlnk Virus Adnetwork"
netlnk11.com,"Netlnk Virus Adnetwork"
netlnk12.com,"Netlnk Virus Adnetwork"
netlnk13.com,"Netlnk Virus Adnetwork"
netlnk14.com,"Netlnk Virus Adnetwork"
netlnk15.com,"Netlnk Virus Adnetwork"
netlnk16.com,"Netlnk Virus Adnetwork"
netlnk17.com,"Netlnk Virus Adnetwork"
netlnk18.com,"Netlnk Virus Adnetwork"
netlnk19.com,"Netlnk Virus Adnetwork"
netlnk2.com,"Netlnk Virus Adnetwork"
netlnk20.com,"Netlnk Virus Adnetwork"
netlnk21.com,"Netlnk Virus Adnetwork"
netlnk22.com,"Netlnk Virus Adnetwork"
netlnk23.com,"Netlnk Virus Adnetwork"
netlnk24.com,"Netlnk Virus Adnetwork"
netlnk25.com,"Netlnk Virus Adnetwork"
netlnk3.com,"Netlnk Virus Adnetwork"
netlnk4.com,"Netlnk Virus Adnetwork"
netlnk5.com,"Netlnk Virus Adnetwork"
netlnk6.com,"Netlnk Virus Adnetwork"
netlnk7.com,"Netlnk Virus Adnetwork"
netlnk8.com,"Netlnk Virus Adnetwork"
netlnk9.com,"Netlnk Virus Adnetwork"
oload.stream,openload.co
olx.co.ao,"OLX Disambiguation 2"
olx.co.id,"OLX Disambiguation 2"
olx.com.br,"OLX Disambiguation 1"
olx.com.pk,"OLX Disambiguation 2"
olx.in,"OLX Disambiguation 2"
olx.kz,"OLX Disambiguation 1"
olx.pl,"OLX Disambiguation 1"
olx.ro,"OLX Disambiguation 1"
olx.ua,"OLX Disambiguation 1"
pinterest.at,"Pinterest"
pinterest.ca,"Pinterest"
pinterest.co.kr,"Pinterest"
pinterest.co.uk,"Pinterest"
pinterest.com,"Pinterest"
pinterest.com.au,"Pinterest"
pinterest.com.mx,"Pinterest"
pinterest.de,"Pinterest"
pinterest.es,"Pinterest"
pinterest.fr,"Pinterest"
pinterest.ie,"Pinterest"
pinterest.it,"Pinterest"
pinterest.jp,"Pinterest"
pinterest.pt,"Pinterest"
pinterest.ru,"Pinterest"
pinterest.se,"Pinterest"
qoo10.cn,"Qoo10"
qoo10.co.id,"Qoo10"
qoo10.com,"Qoo10"
qoo10.hk,"Qoo10"
qoo10.my,"Qoo10"
qoo10.sq,"Qoo10"
shopee.co.id,"Shopee"
shopee.co.th,"Shopee"
shopee.com.my,"Shopee"
shopee.ph,"Shopee"
shopee.sg,"Shopee"
shopee.tw,"Shopee"
shopee.vn,"Shopee"
skyscanner.ae,"Skyscanner"
skyscanner.ch,"Skyscanner"
skyscanner.co.in,"Skyscanner"
#skyscanner.com,"Skyscanner"
skyscanner.com.au,"Skyscanner"
skyscanner.com.tr,"Skyscanner"
skyscanner.de,"Skyscanner"
skyscanner.dk,"Skyscanner"
skyscanner.es,"Skyscanner"
skyscanner.fi,"Skyscanner"
skyscanner.fr,"Skyscanner"
skyscanner.ie,"Skyscanner"
skyscanner.it,"Skyscanner"
skyscanner.jp,"Skyscanner"
skyscanner.net,"Skyscanner"
skyscanner.nl,"Skyscanner"
skyscanner.no,"Skyscanner"
skyscanner.pl,"Skyscanner"
skyscanner.ru,"Skyscanner"
skyscanner.se,"Skyscanner"
tripadvisor.ca,"Tripadvisor"
tripadvisor.cn,"Tripadvisor"
tripadvisor.co.uk,"Tripadvisor"
tripadvisor.co.za,"Tripadvisor"
tripadvisor.com,"Tripadvisor"
tripadvisor.com.au,"Tripadvisor"
tripadvisor.com.br,"Tripadvisor"
tripadvisor.de,"Tripadvisor"
tripadvisor.es,"Tripadvisor"
tripadvisor.fr,"Tripadvisor"
tripadvisor.in,"Tripadvisor"
tripadvisor.it,"Tripadvisor"
tripadvisor.jp,"Tripadvisor"
tripadvisor.ru,"Tripadvisor"
videodownloadconverter.com,fromdoctopdf.com
www.livejasmin.com,livejasmin.com
yelp.ca,"Yelp"
yelp.com,"Yelp"
